slug,color_hex,info
CUT,#ffff00FF,CUT-Cuautitl\u00E1n | ACEPTABLE  | MODERADO  | O3 |
VIF,#ffff00FF,VIF-Villa de las Flores | ACEPTABLE  | MODERADO  | O3 |
XAL,#ffff00FF,XAL-Xalostoc | ACEPTABLE  | MODERADO  | O3 |
LPR,#00e400FF,LPR-La Presa | BUENA  | BAJO  | CO |
TLI,#ffff00FF,TLI-Tultitl\u00E1n | ACEPTABLE  | MODERADO  | O3 |
ATI,#ffff00FF,ATI-Atizap\u00E1n | ACEPTABLE  | MODERADO  | O3 |
TLA,#ffff00FF,"TLA-Tlalnepantla | ACEPTABLE  | MODERADO  | O3,PM2.5 |"
CAM,#ffff00FF,"CAM-Camarones | ACEPTABLE  | MODERADO  | O3,PM2.5 |"
HGM,#00e400FF,"HGM-Hospital General de M\u00E9xico | BUENA  | BAJO  | NO2,SO2,CO |"
MER,#ffff00FF,MER-Merced | ACEPTABLE  | MODERADO  | O3 |
FAC,#ffffffFF,FAC-FES Acatl\u00E1n | SIN DATOS O EN MANTENIMIENTO  |  |  |
CUA,#ffff00FF,CUA-Cuajimalpa | ACEPTABLE  | MODERADO  | O3 |
SFE,#ffffffFF,SFE-Santa Fe | SIN DATOS O EN MANTENIMIENTO  |  |  |
PED,#ffff00FF,PED-Pedregal | ACEPTABLE  | MODERADO  | O3 |
TAH,#00e400FF,"TAH-Tl\u00E1huac | BUENA  | BAJO  | O3,NO2,SO2,CO,PM10 |"
UAX,#00e400FF,"UAX-UAM Xochimilco | BUENA  | BAJO  | O3,NO2,SO2,CO,PM2.5 |"
UIZ,#00e400FF,"UIZ-UAM Iztapalapa | BUENA  | BAJO  | O3,NO2,SO2,CO,PM10,PM2.5 |"
NEZ,#ffffffFF,NEZ-Nezahuac\u00F3yotl | SIN DATOS O EN MANTENIMIENTO  |  |  |
CHO,#ffffffFF,CHO-Chalco | SIN DATOS O EN MANTENIMIENTO  |  |  |
IZT,#ffffffFF,IZT-Iztacalco | SIN DATOS O EN MANTENIMIENTO  |  |  |
LLA,#ff7e00FF,LLA-Los Laureles | MALA  | ALTO  | O3 |
SAG,#ffff00FF,SAG-San Agust\u00EDn | ACEPTABLE  | MODERADO  | O3 |
CCA,#ffff00FF,CCA-Centro de Ciencias de la Atm\u00F3sfera | ACEPTABLE  | MODERADO  | O3 |
AJM,#00e400FF,"AJM-Ajusco Medio | BUENA  | BAJO  | O3,SO2,CO,PM10,PM2.5 |"
MGH,#ffff00FF,MGH-Miguel Hidalgo | ACEPTABLE  | MODERADO  | O3 |
BJU,#ffff00FF,"BJU-Benito Ju\u00e1rez | ACEPTABLE  | MODERADO  | O3,PM2.5 |"
GAM,#ffff00FF,"GAM-Gustavo A. Madero | ACEPTABLE  | MODERADO  | O3,PM2.5 |"
FAR,#ffff00FF,FAR-FES Arag\u00F3n | ACEPTABLE  | MODERADO  | O3 |
SAC,#00e400FF,"SAC-Santiago Acahualtepec | BUENA  | BAJO  | O3,NO2,CO,PM2.5 |"
DUDE,#999FF,La actualizaci\u00F3n del \u00cdndice AIRE y SALUD | (NOM-172-SEMARNAT-2023) ya considera las | actualizaciones de las Normas Oficiales Mexicanas | (NOM) en materia de salud realizadas en 2019 y 2021  | para los contaminantes criterio.
